State,District,Market,Commodity,Variety,Date,MIN Price,MAX Price,MODAL Price
Madhya Pradesh,Shivpuri,Badarwas,Wheat,Other,11/27/2009,1276,1890,1550
Madhya Pradesh,Jabalpur,Sihora,Wheat,Local,02/17/2009,1070,1140,1100
Gujarat,Vadodara(Baroda),Karjan,Wheat,Sharbati,08/01/2009,1000,1150,1050
Chattisgarh,Bilaspur,Bilaspur,Wheat,Deshi,07/25/2009,1095,1095,1095
Madhya Pradesh,Khargone,Sanawad,Wheat,Local,01/16/2009,975,1159,1148
Maharashtra,Ahmednagar,Kopargaon,Wheat,Other,07/18/2009,1195,1428,1300
West Bengal,Murshidabad,Lalbagh,Wheat,Other,09/07/2009,980,1000,990
West Bengal,Murshidabad,Beldanga,Wheat,Sona,09/03/2009,0,0,1000
Madhya Pradesh,Tikamgarh,Tikamgarh,Wheat,Other,12/31/2009,1232,1391,1280
Jharkhand,Deogarh,Deoghar,Wheat,Other,09/06/2009,1140,1160,1150
Rajasthan,Sirohi,Abu Road,Wheat,1482,03/20/2009,1100,1150,1125
Gujarat,Junagarh,Junagadh,Wheat,Lokwan,10/08/2009,1075,1295,1185
Gujarat,Gandhinagar,Dehgam,Wheat,Other,12/21/2009,1490,1565,1528
Rajasthan,Udaipur,Udaipur,Wheat,Other,10/28/2009,1290,1410,1380
Uttar Pradesh,Siddharth Nagar,Sahiyapur,Wheat,Other,06/01/2009,0,920,900
Rajasthan,Jaipur,Jaipur (Grain),Wheat,Deshi,10/07/2009,1800,1900,1800
Andhra Pradesh,Mahbubnagar,Alampur,Wheat,Other,09/16/2009,1100,1100,1100
Madhya Pradesh,Ratlam,A lot,Wheat,Lokwan,12/29/2009,1300,1400,1351
Madhya Pradesh,Morena,Sabalgarh,Wheat,Other,10/03/2009,1080,1085,1083
Uttar Pradesh,Firozabad,Indla,Wheat,Other,09/01/2009,1010,1065,1050
Uttar Pradesh,Pratapgarh,Pratapgarh,Wheat,Other,02/24/2009,990,1010,1000
Maharashtra,Aurangabad,Paithan,Wheat,Other,12/02/2009,1100,1712,1670
Maharashtra,Nanded,Naigaon,Wheat,Other,06/03/2009,1100,1100,1100
Uttar Pradesh,Meerut,Mawana,Wheat,Other,03/10/2009,0,0,1125
Gujarat,Gandhinagar,Dehgam,Wheat,Other,01/24/2009,1130,1275,1203
Maharashtra,Aurangabad,Sillod,Wheat,Other,08/04/2009,1300,1400,1350
Uttar Pradesh,Bulandshahar,Divai,Wheat,Other,11/19/2009,1300,1310,1305
Maharashtra,Parbhani,Pathari,Wheat,Other,11/07/2009,1511,1811,1511
Uttar Pradesh,Sultanpur,Sultanpur,Wheat,Other,05/19/2009,1075,1085,1080
Gujarat,Rajkot,Gondal,Wheat,Lok-1 Best,04/10/2009,975,1425,1125
Gujarat,Junagarh,Kodinar,Wheat,Super Fine,08/03/2009,910,1320,1115
Punjab,Amritsar,Attari,Wheat,Other,05/20/2009,1080,1080,1080
Madhya Pradesh,Harda,Timarni,Wheat,Local,02/11/2009,700,1171,1096
Uttar Pradesh,Azamgarh,Azamgarh,Wheat,Dara,07/28/2009,1005,1025,1015
Madhya Pradesh,Shivpuri,Khatora,Wheat,Other,12/11/2009,1325,1325,1325
Rajasthan,Kota,Ramgang Mandi(Bapawarkala),Wheat,Other,12/14/2009,1300,1450,1375
Maharashtra,Sholapur,Kurdwadi,Wheat,Other,07/13/2009,1100,1351,1250
Maharashtra,Jalana,Jalana,Wheat,Other,01/23/2009,1100,1180,1160
Maharashtra,Ahmednagar,Shrirampur,Wheat,Other,09/14/2009,1150,1375,1215
Maharashtra,Sangli,Tasgaon,Wheat,Sharbati,03/18/2009,1100,1475,1350
Uttar Pradesh,Etah,Ganjdudwara,Wheat,Other,07/05/2009,1020,1060,1020
Maharashtra,Nashik,Kalvan,Wheat,Other,07/20/2009,1200,1200,1200
Gujarat,Surendranagar,Chotila,Wheat,Farmi,09/14/2009,1100,1325,1212
Rajasthan,Jaipur,Jaipur(Grain)(Chandpole),Wheat,1482,07/08/2009,1100,1300,1250
Madhya Pradesh,Khargone,Bhikangaon,Wheat,Local,03/28/2009,1042,1121,1121
Gujarat,Kheda,Matar,Wheat,Other,11/07/2009,1150,1300,1250
Maharashtra,Latur,Udgir,Wheat,Other,11/24/2009,1100,1370,1235
Maharashtra,Sholapur,Barshi,Wheat,Other,09/09/2009,1200,1200,1200
Gujarat,Ahmedabad,Sanad,Wheat,Other,11/17/2009,1250,1785,1517
Uttar Pradesh,Siddharth Nagar,Sahiyapur,Wheat,Other,10/18/2009,0,970,960
Madhya Pradesh,Ratlam,A lot,Wheat,Medium,09/30/2009,1070,1100,1085
Madhya Pradesh,Burhanpur,Burhanpur,Wheat,Local,02/06/2009,1080,1189,1189
Punjab,Jalandhar,Jalandhar City(Kartar Pur Dana mandi),Wheat,Other,04/23/2009,1080,1080,1080
Uttar Pradesh,Meerut,Mawana,Wheat,Other,05/06/2009,0,0,1025
Punjab,Ludhiana,Khanna,Wheat,Other,02/25/2009,1040,1045,1045
Maharashtra,Sholapur,Barshi(Vairag),Wheat,Other,12/04/2009,1300,1400,1350
Madhya Pradesh,Hoshangabad,Hoshangabad,Wheat,Mill Quality,11/26/2009,1200,1200,1200
Madhya Pradesh,Hoshangabad,Hoshangabad,Wheat,Mill Quality,08/28/2009,1132,1160,1135
Madhya Pradesh,Jabalpur,Shahpura,Wheat,Lokwan,09/14/2009,1100,1270,1270
Gujarat,Vadodara(Baroda),Vadodara,Wheat,Other,07/24/2009,1800,1900,1875
Madhya Pradesh,Dewas,Khategaon,Wheat,Lokwan,09/09/2009,1165,1251,1185
Maharashtra,Aurangabad,Gangapur,Wheat,Other,01/05/2009,1160,1302,1250
Madhya Pradesh,Khargone,Segaon,Wheat,Local,02/26/2009,950,1132,1061
Maharashtra,Nagpur,Katol,Wheat,Other,07/28/2009,1160,1175,1165
Uttar Pradesh,Etah,Aliganj,Wheat,Other,12/26/2009,1175,1220,1215
Uttar Pradesh,Siddharth Nagar,Naugarh,Wheat,Other,09/09/2009,1020,1040,1030
Gujarat,Rajkot,Morbi,Wheat,Other,08/31/2009,1165,1355,1260
Madhya Pradesh,Ratlam,A lot,Wheat,147 Best,09/16/2009,1191,1337,1201
Punjab,Nawanshahr,Nawanshahar,Wheat,Medium,08/30/2009,925,925,925
Maharashtra,Nandurbar,Shahada,Wheat,Other,11/25/2009,1200,1557,1480
Madhya Pradesh,Mandsaur,Shamgarh,Wheat,Other,11/10/2009,1300,1400,1350
Maharashtra,Sholapur,Kurdwadi,Wheat,Other,09/02/2009,1100,1200,1175
Rajasthan,Chittorgarh,Kapasan,Wheat,Other,12/29/2009,1350,1450,1400
Madhya Pradesh,Raisen,Raisen,Wheat,Lokwan,12/19/2009,1212,1212,1212
Gujarat,Amreli,Savarkundla,Wheat,Other,04/18/2009,1110,1520,1315
Uttar Pradesh,Muzaffarnagar,Shamli,Wheat,Dara,07/02/2009,1080,1080,1080
Gujarat,Amreli,Rajula,Wheat,Lokwan,07/06/2009,1070,1215,1143
Gujarat,Bhavnagar,Bhavnagar,Wheat,Other,12/09/2009,1480,1750,1615
Uttar Pradesh,Allahabad,Ajuha,Wheat,Other,10/19/2009,0,0,1050
Maharashtra,Parbhani,Gangakhed,Wheat,Other,12/23/2009,1500,1600,1575
Maharashtra,Latur,Latur,Wheat,Maharashtra 2189,06/11/2009,1151,1202,1200
Rajasthan,Bharatpur,Bayana,Wheat,Other,02/26/2009,1080,1080,1080
Madhya Pradesh,Gwalior,Dabra,Wheat,Other,07/04/2009,1038,1220,1091
Rajasthan,Jaipur,Kishangarh Renwal,Wheat,Other,05/05/2009,1160,1160,1160
Gujarat,Anand,Khambhat(Grain Market),Wheat,Other,06/15/2009,1075,1100,1080
Rajasthan,Baran,Atru,Wheat,Other,02/25/2009,1031,1072,1052
Rajasthan,Baran,Itawa,Wheat,Other,04/20/2009,1014,1080,1080
Jharkhand,Hazaribagh,Hazaribagh,Wheat,Other,08/11/2009,1200,1300,1250
Uttar Pradesh,Agra,Jarat,Wheat,Other,08/18/2009,1015,1080,1065
Uttar Pradesh,Mahoba,Mahoba,Wheat,Other,11/29/2009,0,0,1200
Madhya Pradesh,Bhopal,Bhopal,Wheat,MP Sharbati,10/14/2009,1300,1571,1418
Maharashtra,Vashim,Washim,Wheat,Maharashtra 2189,01/07/2009,1050,1150,1100
Gujarat,Anand,Khambhat(Grain Market),Wheat,Other,06/08/2009,1075,1100,1080
Rajasthan,Kota,Chechat,Wheat,Other,07/18/2009,1125,1125,1125
Uttar Pradesh,Etah,Ganjdudwara,Wheat,Other,07/22/2009,980,1030,1015
Madhya Pradesh,Hoshangabad,Semriharchand,Wheat,Mill Quality,09/07/2009,1085,1085,1085
Madhya Pradesh,Chhindwara,Chaurai,Wheat,Local,01/21/2009,1080,1466,1080
Madhya Pradesh,Indore,Mhow,Wheat,Other,12/08/2009,1367,1504,1430
Madhya Pradesh,Harda,Harda,Wheat,Other,02/07/2009,1050,1281,1104
Karnataka,Shimoga,Bhadravathi,Wheat,Local,07/24/2009,1600,1780,1690
