Sno, State,Period,Insured Animals in Nos
1,Andhra Pradesh,2006-07,117455
2,Andhra Pradesh,2007-08,67324
3,Andhra Pradesh,2008-09,71937
4,Andhra Pradesh,2009-10 ,262338
5,Andhra Pradesh,2010-11    ,203970
6,Andhra Pradesh,2011-12,115738
7,Andhra Pradesh,2012-13,117670
8,Arunchal Pradesh,2006-07,1012
9,Arunchal Pradesh,2007-08,891
10,Arunchal Pradesh,2008-09,955
11,Arunchal Pradesh,2009-10 ,150
12,Arunchal Pradesh,2010-11    ,80
13,Arunchal Pradesh,2011-12,181
14,Arunchal Pradesh,2012-13,
15,Assam,2006-07,1138
16,Assam,2007-08,432
17,Assam,2008-09,17470
18,Assam,2009-10 ,20947
19,Assam,2010-11    ,30641
20,Assam,2011-12,34696
21,Assam,2012-13,17274
22,Bihar,2006-07,10484
23,Bihar,2007-08,3251
24,Bihar,2008-09,11
25,Bihar,2009-10 ,893
26,Bihar,2010-11    ,1808
27,Bihar,2011-12,2327
28,Bihar,2012-13,NA
29,Chhattisgarh,2006-07,6022
30,Chhattisgarh,2007-08,3428
31,Chhattisgarh,2008-09,0
32,Chhattisgarh,2009-10 ,4172
33,Chhattisgarh,2010-11    ,4873
34,Chhattisgarh,2011-12,5897
35,Chhattisgarh,2012-13,0
36,Gujarat,2006-07,20351
37,Gujarat,2007-08,5285
38,Gujarat,2008-09,0
39,Gujarat,2009-10 ,57835
40,Gujarat,2010-11    ,83451
41,Gujarat,2011-12,114345
42,Gujarat,2012-13,10126
43,Goa,2006-07,0
44,Goa,2007-08,0
45,Goa,2008-09,0
46,Goa,2009-10 ,0
47,Goa,2010-11    ,0
48,Goa,2011-12,0
49,Goa,2012-13,0
50,Haryana,2006-07,64161
51,Haryana,2007-08,66791
52,Haryana,2008-09,0
53,Haryana,2009-10 ,53139
54,Haryana,2010-11    ,50671
55,Haryana,2011-12,54114
56,Haryana,2012-13,84065
57,Himachal Pradesh,2006-07,14177
58,Himachal Pradesh,2007-08,25608
59,Himachal Pradesh,2008-09,21284
60,Himachal Pradesh,2009-10 ,13435
61,Himachal Pradesh,2010-11    ,10608
62,Himachal Pradesh,2011-12,13382
63,Himachal Pradesh,2012-13,NA
64,Jammu & Kashmir,2006-07,1022
65,Jammu & Kashmir,2007-08,6111
66,Jammu & Kashmir,2008-09,1662
67,Jammu & Kashmir,2009-10 ,12128
68,Jammu & Kashmir,2010-11    ,5239
69,Jammu & Kashmir,2011-12,NA
70,Jammu & Kashmir,2012-13,NA
71,Jharkhand,2006-07,2814
72,Jharkhand,2007-08,20
73,Jharkhand,2008-09,0
74,Jharkhand,2009-10 ,210
75,Jharkhand,2010-11    ,1878
76,Jharkhand,2011-12,2201
77,Jharkhand,2012-13,361
78,Karnataka,2006-07,9487
79,Karnataka,2007-08,13853
80,Karnataka,2008-09,0
81,Karnataka,2009-10 ,16043
82,Karnataka,2010-11    ,67877
83,Karnataka,2011-12,79315
84,Karnataka,2012-13,0
85,Kerala ,2006-07,67206
86,Kerala ,2007-08,29804
87,Kerala ,2008-09,11729
88,Kerala ,2009-10 ,27742
89,Kerala ,2010-11    ,115031
90,Kerala ,2011-12,99504
91,Kerala ,2012-13,47105
92,Madhya Pradesh,2006-07,10169
93,Madhya Pradesh,2007-08,4310
94,Madhya Pradesh,2008-09,30972
95,Madhya Pradesh,2009-10 ,21390
96,Madhya Pradesh,2010-11    ,42415
97,Madhya Pradesh,2011-12,21119
98,Madhya Pradesh,2012-13,28044
99,Maharashtra,2006-07,33754
100,Maharashtra,2007-08,27936
101,Maharashtra,2008-09,0
102,Maharashtra,2009-10 ,2294
103,Maharashtra,2010-11    ,14872
104,Maharashtra,2011-12,22049
105,Maharashtra,2012-13,8453
106,Manipur,2006-07,184
107,Manipur,2007-08,210
108,Manipur,2008-09,102
109,Manipur,2009-10 ,250
110,Manipur,2010-11    ,109
111,Manipur,2011-12,80
112,Manipur,2012-13,NA
113,Meghalaya,2006-07,124
114,Meghalaya,2007-08,326
115,Meghalaya,2008-09,398
116,Meghalaya,2009-10 ,1158
117,Meghalaya,2010-11    ,1362
118,Meghalaya,2011-12,182
119,Meghalaya,2012-13,109
120,Mizoram,2006-07,591
121,Mizoram,2007-08,173
122,Mizoram,2008-09,0
123,Mizoram,2009-10 ,0
124,Mizoram,2010-11    ,105
125,Mizoram,2011-12,43
126,Mizoram,2012-13,900
127,Nagaland,2006-07,3567
128,Nagaland,2007-08,4993
129,Nagaland,2008-09,3140
130,Nagaland,2009-10 ,4460
131,Nagaland,2010-11    ,1612
132,Nagaland,2011-12,4833
133,Nagaland,2012-13,4513
134,Orissa,2006-07,20396
135,Orissa,2007-08,27865
136,Orissa,2008-09,12710
137,Orissa,2009-10 ,38150
138,Orissa,2010-11    ,7944
139,Orissa,2011-12,14143
140,Orissa,2012-13,3724
141,Punjab,2006-07,13701
142,Punjab,2007-08,1276
143,Punjab,2008-09,9116
144,Punjab,2009-10 ,10160
145,Punjab,2010-11    ,7059
146,Punjab,2011-12,27152
147,Punjab,2012-13,7548
148,Rajasthan,2006-07,12211
149,Rajasthan,2007-08,17280
150,Rajasthan,2008-09,2158
151,Rajasthan,2009-10 ,11904
152,Rajasthan,2010-11    ,22180
153,Rajasthan,2011-12,28643
154,Rajasthan,2012-13,8514
155,Sikkim,2006-07,2310
156,Sikkim,2007-08,2013
157,Sikkim,2008-09,313
158,Sikkim,2009-10 ,1386
159,Sikkim,2010-11    ,1446
160,Sikkim,2011-12,565
161,Sikkim,2012-13,245
162,Tamil Nadu,2006-07,90072
163,Tamil Nadu,2007-08,119032
164,Tamil Nadu,2008-09,156519
165,Tamil Nadu,2009-10 ,89649
166,Tamil Nadu,2010-11    ,92589
167,Tamil Nadu,2011-12,110572
168,Tamil Nadu,2012-13,26752
169,Tripura,2006-07,2090
170,Tripura,2007-08,1731
171,Tripura,2008-09,0
172,Tripura,2009-10 ,535
173,Tripura,2010-11    ,2226
174,Tripura,2011-12,1796
175,Tripura,2012-13,184
176,Uttarakhand,2006-07,3053
177,Uttarakhand,2007-08,4362
178,Uttarakhand,2008-09,3525
179,Uttarakhand,2009-10 ,2966
180,Uttarakhand,2010-11    ,4264
181,Uttarakhand,2011-12,4084
182,Uttarakhand,2012-13,2049
183,Uttar Pradesh,2006-07,23443
184,Uttar Pradesh,2007-08,16873
185,Uttar Pradesh,2008-09,53719
186,Uttar Pradesh,2009-10 ,7808
187,Uttar Pradesh,2010-11    ,26955
188,Uttar Pradesh,2011-12,10752
189,Uttar Pradesh,2012-13,7224
190,West Bengal,2006-07,2354
191,West Bengal,2007-08,1100
192,West Bengal,2008-09,5
193,West Bengal,2009-10 ,20876
194,West Bengal,2010-11    ,15058
195,West Bengal,2011-12,35203
196,West Bengal,2012-13,17390
