Year,Crop,Unit,Average Production
2009 to 2010,Rice,KG Per Hectare,896
2009 to 2010,Wheat,KG Per Hectare,2071
2009 to 2010,Jowar,KG Per Hectare,1293
2009 to 2010,Maize,KG Per Hectare,1254
2009 to 2010,Gram,KG Per Hectare,1070
2009 to 2010,Tuvar,KG Per Hectare,780
2009 to 2010,Cotton,KG Per Hectare,672
2009 to 2010,Sugarcane,KG Per Hectare,4055
2009 to 2010,Soyabean,KG Per Hectare,1180
2010 to 2011,Rice,KG Per Hectare,1182
2010 to 2011,Wheat,KG Per Hectare,2073
2010 to 2011,Jowar,KG Per Hectare,1416
2010 to 2011,Maize,KG Per Hectare,1590
2010 to 2011,Gram,KG Per Hectare,785
2010 to 2011,Tuvar,KG Per Hectare,316
2010 to 2011,Cotton,KG Per Hectare,926
2010 to 2011,Sugarcane,KG Per Hectare,4069
2010 to 2011,Soyabean,KG Per Hectare,1109
2011 to 2012,Rice,KG Per Hectare,1413
2011 to 2012,Wheat,KG Per Hectare,2770
2011 to 2012,Jowar,KG Per Hectare,1541
2011 to 2012,Maize,KG Per Hectare,1551
2011 to 2012,Gram,KG Per Hectare,1083
2011 to 2012,Tuvar,KG Per Hectare,628
2011 to 2012,Cotton,KG Per Hectare,976
2011 to 2012,Sugarcane,KG Per Hectare,3971
2011 to 2012,Soyabean,KG Per Hectare,1124
2012 to 2013,Rice,KG Per Hectare,1825
2012 to 2013,Wheat,KG Per Hectare,2948
2012 to 2013,Jowar,KG Per Hectare,2015
2012 to 2013,Maize,KG Per Hectare,2786
2012 to 2013,Gram,KG Per Hectare,1221
2012 to 2013,Tuvar,KG Per Hectare,692
2012 to 2013,Cotton,KG Per Hectare,1062
2012 to 2013,Sugarcane,KG Per Hectare,5114
2012 to 2013,Soyabean,KG Per Hectare,1362
