State Name,District Name,Block Name,Habitation Name,SC Current Population,ST Current Population,GENERAL Current Population,SC Covered Population,ST Covered Population,GENERAL Covered Population,Status,SC Concentrated,ST Concentrated,Year
KARNATAKA,SHIMOGA,SAGAR,CHATUTIKERE,0,49,34,0,25,20,Partially Covered,NO,YES,01_04_2012
RAJASTHAN,DHAULPUR,DHAULPUR,BAGHPURA,1,0,448,1,0,260,Partially Covered,NO,NO,01_04_2012
MAHARASHTRA,NAGPUR,BHIWAPUR,MOKHEBARDI,169,0,774,169,0,774,Fully Covered,NO,NO,01_04_2012
UTTAR PRADESH,BALRAMPUR,REHRA BAZAR,MAHRAJIPUR,23,0,220,23,0,220,Fully Covered,NO,NO,01_04_2012
BIHAR,JAMUI,CHAKAI,GADIKIYAJORI,0,0,356,0,0,75,Partially Covered,NO,NO,01_04_2012
RAJASTHAN,KOTA,LADPURA,ROTEDA,352,0,500,352,0,500,Fully Covered,YES,NO,01_04_2012
BIHAR,PURNIA,KRITYANAND NAGAR,RAMNAGAR MUSHAHARI,157,0,170,157,0,170,Fully Covered,YES,NO,01_04_2012
HIMACHAL PRADESH,KULLU,NIRMAND,DIMNI,52,0,0,2,0,0,Partially Covered,YES,NO,01_04_2012
MADHYA PRADESH,RAJGARH,RAJGARH,MOTIPURA,0,0,357,0,0,357,Fully Covered,NO,NO,01_04_2012
ORISSA,KALAHANDI,DHARMAGARH,PUROHITPADA,0,0,229,0,0,179,Partially Covered,NO,NO,01_04_2012
MEGHALAYA,WEST GARO HILLS,TIKRIKILLA,GONDAGIRI,0,102,9,0,5,0,Partially Covered,NO,YES,01_04_2012
UTTAR PRADESH,AZAMGARH,MEH NAGAR,BHOPALPUR,0,0,574,0,0,574,Fully Covered,NO,NO,01_04_2012
MADHYA PRADESH,TIKAMGARH,PRITHVIPUR,CHAMRAN KHIRAK,100,0,0,100,0,0,Fully Covered,YES,NO,01_04_2012
CHHATTISGARH,KONDAGAON,PHARASGAON,UPERPARA,0,70,0,0,50,0,Partially Covered,NO,YES,01_04_2012
UTTAR PRADESH,GONDA,HALDHARMAU,BADLI PURWA,11,0,391,11,0,391,Fully Covered,NO,NO,01_04_2012
WEST BENGAL,DARJEELING,MATIGARA,NIMAI KHALPARA,848,0,27,848,0,27,Fully Covered,YES,NO,01_04_2012
JHARKHAND,SAREIKELA AND KHARSAWAN,CHANDIL,ADIBASI TOLA,0,61,0,0,61,0,Fully Covered,NO,YES,01_04_2012
MAHARASHTRA,SOLAPUR,MANGALVEDHE,KAKADE & AVLEKAR WASTIS,0,0,196,0,0,196,Fully Covered,NO,NO,01_04_2012
UTTAR PRADESH,BARABANKI,BANI KODAR,PUREJAMASHAH,97,0,317,97,0,317,Fully Covered,NO,NO,01_04_2012
KARNATAKA,BELGAUM,KHANAPUR,NAGARAGALI,2,45,377,2,45,377,Fully Covered,NO,NO,01_04_2012
MADHYA PRADESH,MORENA,JAURA,HARIBHANKAPURA,0,0,120,0,0,120,Fully Covered,NO,NO,01_04_2012
UTTAR PRADESH,ALLAHABAD,SAIDABAD,HARAZAN BASTI,433,0,0,433,0,0,Fully Covered,YES,NO,01_04_2012
BIHAR,VAISHALI,JANDAHA,BILANDPUR DHANDHUA,126,0,479,126,0,479,Fully Covered,NO,NO,01_04_2012
RAJASTHAN,JHALAWAR,DUG,GURADIYA DEORA,113,0,632,50,0,200,Partially Covered,NO,NO,01_04_2012
ANDHRA PRADESH,CHITTOOR(10),CHITTOOR(54),MAPAKSHI HW IV(1014054022101700),309,0,0,309,0,0,Fully Covered,YES,NO,01_04_2012
BIHAR,KISHANGANJ,KOCHADHAMIN,MASZID TOLA,0,0,188,0,0,188,Fully Covered,NO,NO,01_04_2012
BIHAR,DARBHANGA,SINGHWARA,CHAMAR TOLA,268,0,0,250,0,0,Partially Covered,YES,NO,01_04_2012
JHARKHAND,BOKARO,PETERWAR,KOCHA TOLA,0,432,0,0,432,0,Fully Covered,NO,YES,01_04_2012
BIHAR,PURBA CHAMPARAN,ADAPUR,DHABDHABWA,1060,0,2313,0,0,2000,Partially Covered,NO,NO,01_04_2012
ORISSA,KHORDHA,BOLGARH,VETENARI SAHI,0,0,100,0,0,100,Fully Covered,NO,NO,01_04_2012
CHHATTISGARH,DHAMTARI,KURUD,SCHOOLPARA,122,5,17,97,5,13,Partially Covered,YES,NO,01_04_2012
ORISSA,KALAHANDI,KARLAMUNDA,GOUNTIA PADA,0,0,78,0,0,78,Fully Covered,NO,NO,01_04_2012
BIHAR,PASHCHIM CHAMPARAN,LAURIA,LAXHMI PUR,0,0,632,0,0,632,Fully Covered,NO,NO,01_04_2012
UTTAR PRADESH,BALRAMPUR,GAINDAS BUZURG,BHAGUTI PUR KALAN,12,0,89,12,0,89,Fully Covered,NO,NO,01_04_2012
WEST BENGAL,BARDHAMAN,MEMARI-II,ROYBATI,0,405,601,0,405,601,Fully Covered,NO,YES,01_04_2012
ANDHRA PRADESH,KADAPA(11),PULLAMPET  (45),GOPAMPALLI(1115045004070300),0,0,59,0,0,47,Partially Covered,NO,NO,01_04_2012
UTTAR PRADESH,JAUNPUR,KHUTHAN,BANHARA KHASH,0,0,547,0,0,547,Fully Covered,NO,NO,01_04_2012
MAHARASHTRA,SATARA,SATARA,STANDVASTI,0,0,146,0,0,146,Fully Covered,NO,NO,01_04_2012
MAHARASHTRA,AHMEDNAGAR,PARNER,NAGARE WASTI,0,0,168,0,0,168,Fully Covered,NO,NO,01_04_2012
PUNJAB,FIROZEPUR,ZIRA,Ambarhar,15,0,182,0,0,0,Partially Covered,NO,NO,01_04_2012
ASSAM,LAKHIMPUR,BOGINODI,NATUN LINE,0,0,360,0,0,360,Fully Covered,NO,NO,01_04_2012
UTTAR PRADESH,MAU,DOHRI GHAT,HARIZAN BASTI,141,0,0,141,0,0,Fully Covered,YES,NO,01_04_2012
UTTAR PRADESH,KANNAUJ,UMARDA,UMRAY PURWA,0,0,364,0,0,364,Fully Covered,NO,NO,01_04_2012
WEST BENGAL,NADIA,KRISHNAGAR-II,DHUBULIA NATUN PARA,878,0,2670,878,0,2670,Fully Covered,NO,NO,01_04_2012
BIHAR,SUPAUL,PIPRA,SUTHIHAR TOLA,0,0,40,0,0,40,Fully Covered,NO,NO,01_04_2012
MAHARASHTRA,CHANDRAPUR,WARORA,MESA,17,407,461,17,407,461,Fully Covered,NO,YES,01_04_2012
ORISSA,GANJAM,KUKUDAKHANDI,SCHOOL SAHI,0,0,245,0,0,90,Partially Covered,NO,NO,01_04_2012
MAHARASHTRA,RAIGAD,PEN,DHARAMTAR,0,0,70,0,0,70,Fully Covered,NO,NO,01_04_2012
UTTAR PRADESH,GORAKHPUR,BARHALGANJ,AJAYAPURA,32,0,110,32,0,110,Fully Covered,NO,NO,01_04_2012
ASSAM,DHUBRI,GOLOKGANJ,DARAR PAR,0,0,64,0,0,64,Fully Covered,NO,NO,01_04_2012
MADHYA PRADESH,HOSHANGABAD,SEONI-MALWA,STATION PURA,67,0,269,56,0,222,Partially Covered,NO,NO,01_04_2012
UTTAR PRADESH,ALLAHABAD,CHAKA,INDEL PUR,824,0,588,824,0,588,Fully Covered,YES,NO,01_04_2012
TAMIL NADU,RAMANATHAPURAM,R.S MANGALAM,ALANGULAM,0,0,56,0,0,56,Fully Covered,NO,NO,01_04_2012
ORISSA,Kendrapara,Mahakalapada,DADHIPUR,75,0,731,61,0,528,Partially Covered,NO,NO,01_04_2012
JHARKHAND,CHATRA,SIMARIA,BODRAHI HATH TOLA,48,0,34,48,0,34,Fully Covered,YES,NO,01_04_2012
ANDHRA PRADESH,NELLORE(09),DUTTALUR  (09),DUTTALUR(0912409008010900),412,50,1856,126,15,571,Partially Covered,NO,NO,01_04_2012
ANDHRA PRADESH,NELLORE(09),KODAVALUR   (17),GUNTAKATTA(0912717001090100),0,209,219,0,209,219,Fully Covered,NO,YES,01_04_2012
ORISSA,KALAHANDI,JUNAGARH,KHALAPADA,0,19,185,0,19,185,Fully Covered,NO,NO,01_04_2012
UTTAR PRADESH,AMBEDKAR NAGAR,BASKHARI,BHARAUTI,0,0,244,0,0,244,Fully Covered,NO,NO,01_04_2012
ORISSA,MALKANGIRI,Korkunda,KUKUDAPUT,0,45,27,0,23,19,Partially Covered,NO,YES,01_04_2012
TAMIL NADU,SALEM,KOLATHUR,PATHIRA MADUVU,0,159,0,0,159,0,Fully Covered,NO,YES,01_04_2012
CHHATTISGARH,SURGUJA,BATAULI,SURKAHAWA,0,41,6,0,41,6,Fully Covered,NO,YES,01_04_2012
UTTAR PRADESH,BARABANKI,RAMNAGAR,BHAGAUTIPUR,121,0,197,121,0,197,Fully Covered,NO,NO,01_04_2012
UTTAR PRADESH,GORAKHPUR,BRAHMPUR,JOGIA,0,0,359,0,0,359,Fully Covered,NO,NO,01_04_2012
JHARKHAND,SAREIKELA AND KHARSAWAN,ICHA GARH,NICH TOLA,0,30,17,0,30,17,Fully Covered,NO,YES,01_04_2012
UTTAR PRADESH,VARANASI,CHIRAI GAON,HARIZAN BASTI,291,0,0,291,0,0,Fully Covered,YES,NO,01_04_2012
BIHAR,PURNIA,BHAWANIPUR,KUWAR JEE BASA,0,0,1228,0,0,1228,Fully Covered,NO,NO,01_04_2012
MADHYA PRADESH,VIDISHA,LATERI,BHAGWANPUR,0,142,83,0,142,83,Fully Covered,NO,YES,01_04_2012
WEST BENGAL,BIRBHUM,LABPUR,MAGHPARA,57,0,65,57,0,65,Fully Covered,YES,NO,01_04_2012
UTTAR PRADESH,JAUNPUR,RAMNAGAR,HARIJAN BASTI,269,0,0,215,0,0,Partially Covered,YES,NO,01_04_2012
MAHARASHTRA,RATNAGIRI,RATNAGIRI,SHIVGANWADI,0,0,251,0,0,251,Fully Covered,NO,NO,01_04_2012
KARNATAKA,TUMKUR,SIRA,MELKUNTE GOLLARAHATT,0,0,66,0,0,10,Partially Covered,NO,NO,01_04_2012
WEST BENGAL,DAKSHIN DINAJPUR,KUSHMANDI,SHIBRAMPUR (SHIBRAMPUR HATKHOLA,7,0,540,7,0,540,Fully Covered,NO,NO,01_04_2012
MADHYA PRADESH,SATNA,NAGOD,BASUDHA,400,0,493,400,0,493,Fully Covered,YES,NO,01_04_2012
WEST BENGAL,NORTH 24 PARAGANAS,HABRA-I,PARUI PARA,584,14,200,584,14,200,Fully Covered,YES,NO,01_04_2012
ANDHRA PRADESH,VIZIANAGARAM(02),KOMARADA(01),SOMINAIDUVALASA(0200801082012300),134,97,424,134,97,424,Fully Covered,NO,NO,01_04_2012
ASSAM,MARIGAON,BHUR-BANDHA,DAKHIN BARANGABARI,0,0,559,0,0,559,Fully Covered,NO,NO,01_04_2012
UTTAR PRADESH,LALITPUR,JAKHAURA,KHIRIYA,100,0,518,100,0,518,Fully Covered,NO,NO,01_04_2012
RAJASTHAN,JAIPUR,AMBER,DHANI MEENA KI,0,15,60,0,15,60,Fully Covered,NO,NO,01_04_2012
JHARKHAND,PALAMU,CHHATARPUR,HARIJAN TOLA,43,0,14,43,0,14,Fully Covered,YES,NO,01_04_2012
UTTAR PRADESH,ALLAHABAD,KORAON,SAHIBAN KA PURA,173,0,0,138,0,0,Partially Covered,YES,NO,01_04_2012
BIHAR,BHOJPUR(AARA),SHAHPUR,JAWANIA,0,0,711,0,0,711,Fully Covered,NO,NO,01_04_2012
BIHAR,SIWAN,ZIRADEI,HATA GOR TOLA,48,0,60,48,0,60,Fully Covered,YES,NO,01_04_2012
UTTAR PRADESH,AGRA,BARAULI AHIR,PACHGAI KHERA,772,0,2326,772,0,2326,Fully Covered,NO,NO,01_04_2012
MADHYA PRADESH,REWA,REWA,HARIZAN TOLA,337,0,0,337,0,0,Fully Covered,YES,NO,01_04_2012
PUNJAB,LUDHIANA,MACHHIWARA,JODHWAL,142,0,652,142,0,652,Fully Covered,NO,NO,01_04_2012
ORISSA,PURI,PURI SADAR,BHAILI PUR,7,0,320,7,0,320,Fully Covered,NO,NO,01_04_2012
BIHAR,BANKA,CHANAN,NICHE TOLA,0,0,238,0,0,238,Fully Covered,NO,NO,01_04_2012
WEST BENGAL,BARDHAMAN,KATWA-I,RAJUA,185,13,784,185,13,784,Fully Covered,NO,NO,01_04_2012
UTTAR PRADESH,RAE BARELI,SATAON,PINDOOR,309,0,208,309,0,208,Fully Covered,YES,NO,01_04_2012
UTTAR PRADESH,RAMPUR,SUAR,TORIPURA,0,0,1189,0,0,1189,Fully Covered,NO,NO,01_04_2012
BIHAR,BHAGALPUR,JAGDISHPUR,MISTRY TOLA,0,0,484,0,0,484,Fully Covered,NO,NO,01_04_2012
UTTAR PRADESH,GONDA,ITIA THOK,NAYA GAON,0,0,152,0,0,152,Fully Covered,NO,NO,01_04_2012
MAHARASHTRA,RATNAGIRI,KHED,BORWADI,0,0,63,0,0,63,Fully Covered,NO,NO,01_04_2012
MAHARASHTRA,RATNAGIRI,SANGAMESHWAR,VARACHI BOUDHWADI,49,0,58,49,0,58,Fully Covered,YES,NO,01_04_2012
HIMACHAL PRADESH,HAMIRPUR,BIJHARI,JANDROH,34,0,61,34,0,61,Fully Covered,NO,NO,01_04_2012
WEST BENGAL,SOUTH 24 PARAGANAS,BUDGE BUDGE-II,PANJA PARA,191,0,743,191,0,743,Fully Covered,NO,NO,01_04_2012
KARNATAKA,HASSAN,SAKALESHPUR,NIGAPURA,37,0,78,34,0,71,Partially Covered,NO,NO,01_04_2012
GUJARAT,PANCH MAHALS,KHANPUR,PARTA FALIYA,0,0,91,0,0,91,Fully Covered,NO,NO,01_04_2012
ORISSA,BHADRAK,BHADRAK,UPADHAYSAHI,35,0,85,35,0,85,Fully Covered,NO,NO,01_04_2012
