Principal Commodity,Country,Unit,Period,Quantity,Value (INR)
TRANSPORT EQUIPMENTS,INDONESIA,,2011-12,0,41926610635
TRANSPORT EQUIPMENTS,INDONESIA,,2012-13,0,22224010286
GUERGAM MEAL,MALAYSIA,TON,2011-12,19193,707200864
GUERGAM MEAL,MALAYSIA,TON,2012-13,12102,386450234
FRESH VEGETABLES,MALDIVES,,2011-12,0,323168433
FRESH VEGETABLES,MALDIVES,,2012-13,0,336931733
RICE -BASMOTI,FINLAND,TON,2011-12,81,4210794
RICE -BASMOTI,FINLAND,TON,2012-13,139,8640124
CASHEW,CONGO P REP,TON,2011-12,0,9654
CASHEW,CONGO P REP,TON,2012-13,0,0
COFFEE,OMAN,KGS,2011-12,836836,119974010
COFFEE,OMAN,KGS,2012-13,793251,119304105
SPORTS GOODS,GEORGIA,,2011-12,0,216112
SPORTS GOODS,GEORGIA,,2012-13,0,1139572
"COTTON YARN,FABRICS,MADEUPSETC",AUSTRALIA,,2011-12,0,3402410673
"COTTON YARN,FABRICS,MADEUPSETC",AUSTRALIA,,2012-13,0,3673538435
SUGAR,BAHARAIN IS,TON,2011-12,5556,178943045
SUGAR,BAHARAIN IS,TON,2012-13,6699,206743714
PROCESSED VEGETABLES,AUSTRIA,,2011-12,0,2828824
PROCESSED VEGETABLES,AUSTRIA,,2012-13,0,7355800
LEATHER GARMENTS,CHAD,,2011-12,0,1603079
LEATHER GARMENTS,CHAD,,2012-13,0,0
TEA,SPAIN,KGS,2011-12,22103,3043835
TEA,SPAIN,KGS,2012-13,52831,7518838
MISC PROCESSED ITEMS,REUNION,,2011-12,0,3737708
MISC PROCESSED ITEMS,REUNION,,2012-13,0,4547251
MANUFACTURES OF METALS,MAURITIUS,,2011-12,0,394540432
MANUFACTURES OF METALS,MAURITIUS,,2012-13,0,494165973
SUGAR,KUWAIT,TON,2011-12,7860,247731765
SUGAR,KUWAIT,TON,2012-13,15297,476828909
PROCESSED VEGETABLES,LITHUANIA,,2011-12,0,81593842
PROCESSED VEGETABLES,LITHUANIA,,2012-13,0,88634113
TOBACCO UNMANUFACTURED,BRAZIL,KGS,2011-12,1868216,230717690
TOBACCO UNMANUFACTURED,BRAZIL,KGS,2012-13,574053,60445728
OTHER JUTE MANUFACTURES,SENEGAL,,2011-12,0,12187509
OTHER JUTE MANUFACTURES,SENEGAL,,2012-13,0,0
JUTE HESSIAN,MALTA,,2011-12,0,106474
JUTE HESSIAN,MALTA,,2012-13,0,326373
PLASTIC & LINOLEUM PRODUCTS,IRELAND,,2011-12,0,430910476
PLASTIC & LINOLEUM PRODUCTS,IRELAND,,2012-13,0,540016499
OTHER COMMODITIES,VENEZUELA,,2011-12,0,138474846
OTHER COMMODITIES,VENEZUELA,,2012-13,0,154022254
TRANSPORT EQUIPMENTS,RWANDA,,2011-12,0,393247534
TRANSPORT EQUIPMENTS,RWANDA,,2012-13,0,487901641
COSMETICS/TOILETRIES ETC.,URUGUAY,,2011-12,0,167974908
COSMETICS/TOILETRIES ETC.,URUGUAY,,2012-13,0,84852660
PLASTIC & LINOLEUM PRODUCTS,MOROCCO,,2011-12,0,1124455874
PLASTIC & LINOLEUM PRODUCTS,MOROCCO,,2012-13,0,1027951245
PETROLEUM: CRUDE & PRODUCTS,CHINA P RP,TON,2011-12,1331736,54246268053
PETROLEUM: CRUDE & PRODUCTS,CHINA P RP,TON,2012-13,446586,17426514588
NON-FERROUS METALS,BENIN,,2011-12,0,21441167
NON-FERROUS METALS,BENIN,,2012-13,0,21735617
PULSES,HONG KONG,TON,2011-12,86,3107907
PULSES,HONG KONG,TON,2012-13,97,4010894
ELECTRONIC GOODS,ALBANIA,,2011-12,0,24018496
ELECTRONIC GOODS,ALBANIA,,2012-13,0,8033333
RMG COTTON INCL ACCESSORIES,NORWAY,,2011-12,0,1379618211
RMG COTTON INCL ACCESSORIES,NORWAY,,2012-13,0,1094591964
RMG MANMADE FIBRES,YEMEN REPUBLC,,2011-12,0,353224465
RMG MANMADE FIBRES,YEMEN REPUBLC,,2012-13,0,465761305
PULSES,MALTA,TON,2011-12,7,435967
PULSES,MALTA,TON,2012-13,4,386460
SPORTS GOODS,BAHAMAS,,2011-12,0,28412
SPORTS GOODS,BAHAMAS,,2012-13,0,0
MANUFACTURES OF METALS,SLOVAK REP,,2011-12,0,75236733
MANUFACTURES OF METALS,SLOVAK REP,,2012-13,0,154330316
MACHINE TOOLS,MACEDONIA,,2011-12,0,0
MACHINE TOOLS,MACEDONIA,,2012-13,0,228944
RMG WOOL,SWITZERLAND,,2011-12,0,76620763
RMG WOOL,SWITZERLAND,,2012-13,0,76789851
PROJECT GOODS,BELGIUM,,2011-12,0,0
PROJECT GOODS,BELGIUM,,2012-13,0,3592636
WHEAT,ETHIOPIA,TON,2011-12,4,57412
WHEAT,ETHIOPIA,TON,2012-13,395625,6513894676
GEMS & JEWELLARY,UNSPECIFIED,,2011-12,0,50662918442
GEMS & JEWELLARY,UNSPECIFIED,,2012-13,0,5553128618
PRMRY & SEMI-FNSHD IRON & STL,ARGENTINA,TON,2011-12,1479,145332647
PRMRY & SEMI-FNSHD IRON & STL,ARGENTINA,TON,2012-13,701,91802845
MANUFACTURES OF METALS,HAITI,,2011-12,0,38099353
MANUFACTURES OF METALS,HAITI,,2012-13,0,73496587
FRESH VEGETABLES,NEPAL,,2011-12,0,1384636195
FRESH VEGETABLES,NEPAL,,2012-13,0,1703651909
OTHER JUTE MANUFACTURES,MADAGASCAR,,2011-12,0,20157621
OTHER JUTE MANUFACTURES,MADAGASCAR,,2012-13,0,22759236
RMG MANMADE FIBRES,TANZANIA REP,,2011-12,0,318932711
RMG MANMADE FIBRES,TANZANIA REP,,2012-13,0,317263028
GUERGAM MEAL,BRUNEI,TON,2011-12,31,13142810
GUERGAM MEAL,BRUNEI,TON,2012-13,0,0
"DRUGS,PHRMCUTES & FINE CHEMLS",TUNISIA,,2011-12,0,502291968
"DRUGS,PHRMCUTES & FINE CHEMLS",TUNISIA,,2012-13,0,587786340
HANDCRFS(EXCL.HANDMADE CRPTS),LUXEMBOURG,,2011-12,0,10161395
HANDCRFS(EXCL.HANDMADE CRPTS),LUXEMBOURG,,2012-13,0,4023931
GLS/GLSWR/CERMCS/REFTRS/CMNT/,GREECE,,2011-12,0,99794481
GLS/GLSWR/CERMCS/REFTRS/CMNT/,GREECE,,2012-13,0,99828993
HANDLOOM PRODUCTS,LUXEMBOURG,,2011-12,0,658060
HANDLOOM PRODUCTS,LUXEMBOURG,,2012-13,0,136657
MISC PROCESSED ITEMS,BANGLADESH PR,,2011-12,0,1632704866
MISC PROCESSED ITEMS,BANGLADESH PR,,2012-13,0,2122494383
FRESH FRUITS,AUSTRIA,,2011-12,0,26610182
FRESH FRUITS,AUSTRIA,,2012-13,0,12025467
INORGANIC/ORGANIC/AGRO CHEMLS,NAMIBIA,KGS,2011-12,3359655,175406133
INORGANIC/ORGANIC/AGRO CHEMLS,NAMIBIA,KGS,2012-13,349284,48317191
GLS/GLSWR/CERMCS/REFTRS/CMNT/,SEYCHELLES,,2011-12,0,76470641
GLS/GLSWR/CERMCS/REFTRS/CMNT/,SEYCHELLES,,2012-13,0,76634040
CASTOR OIL,BERMUDA,KGS,2011-12,0,0
CASTOR OIL,BERMUDA,KGS,2012-13,1,107
COSMETICS/TOILETRIES ETC.,BRUNEI,,2011-12,0,2749249
COSMETICS/TOILETRIES ETC.,BRUNEI,,2012-13,0,771211
OTHER ORES AND MINERALS,GABON,,2011-12,0,0
OTHER ORES AND MINERALS,GABON,,2012-13,0,8927
SPICES,CONGO P REP,KGS,2011-12,58591,3887636
SPICES,CONGO P REP,KGS,2012-13,22083,4167009
MOLLASES,CHINA P RP,TON,2011-12,0,0
MOLLASES,CHINA P RP,TON,2012-13,5200,83863664
FRESH FRUITS,BELGIUM,,2011-12,0,114965706
FRESH FRUITS,BELGIUM,,2012-13,0,78175953
"MANMADE YARN,FABRICS,MADEUPS",KENYA,,2011-12,0,2989832424
"MANMADE YARN,FABRICS,MADEUPS",KENYA,,2012-13,0,3005374317
RMG MANMADE FIBRES,ZAMBIA,,2011-12,0,4614528
RMG MANMADE FIBRES,ZAMBIA,,2012-13,0,76759246
RMG MANMADE FIBRES,BURUNDI,,2011-12,0,11263
RMG MANMADE FIBRES,BURUNDI,,2012-13,0,751307
RESIDUAL ENGINEERING ITEMS,GUATEMALA,,2011-12,0,6023278
RESIDUAL ENGINEERING ITEMS,GUATEMALA,,2012-13,0,5751714
PRMRY & SEMI-FNSHD IRON & STL,GABON,TON,2011-12,4189,227297664
PRMRY & SEMI-FNSHD IRON & STL,GABON,TON,2012-13,1235,74166714
ELECTRONIC GOODS,LATVIA,,2011-12,0,65011605
ELECTRONIC GOODS,LATVIA,,2012-13,0,79665265
MACHINE TOOLS,UZBEKISTAN,,2011-12,0,5486842
MACHINE TOOLS,UZBEKISTAN,,2012-13,0,5401573
"DRUGS,PHRMCUTES & FINE CHEMLS",URUGUAY,,2011-12,0,693229978
"DRUGS,PHRMCUTES & FINE CHEMLS",URUGUAY,,2012-13,0,671876165
GROUNDNUT,TUNISIA,TON,2011-12,52,3698144
GROUNDNUT,TUNISIA,TON,2012-13,0,0
COSMETICS/TOILETRIES ETC.,SYRIA,,2011-12,0,519292499
COSMETICS/TOILETRIES ETC.,SYRIA,,2012-13,0,191023763
MANUFACTURES OF METALS,KOREA RP,,2011-12,0,3225631659
MANUFACTURES OF METALS,KOREA RP,,2012-13,0,3839647620
PAINTS/ENAMELS/VARNISHES ETC.,NETHERLAND,KGS,2011-12,2542494,516252335
PAINTS/ENAMELS/VARNISHES ETC.,NETHERLAND,KGS,2012-13,4782103,545024314
MACHINERRY AND INSTRUMENTS,IRELAND,,2011-12,0,692037534
MACHINERRY AND INSTRUMENTS,IRELAND,,2012-13,0,1195280275
FOOTWEAR OF LEATHER,COTE D' IVOIRE,,2011-12,0,9364773
FOOTWEAR OF LEATHER,COTE D' IVOIRE,,2012-13,0,2584750
GEMS & JEWELLARY,NEW CALEDONIA,,2011-12,0,924744
GEMS & JEWELLARY,NEW CALEDONIA,,2012-13,0,279980
JUTE HESSIAN,SINGAPORE,,2011-12,0,13472539
JUTE HESSIAN,SINGAPORE,,2012-13,0,9939980
GLS/GLSWR/CERMCS/REFTRS/CMNT/,SENEGAL,,2011-12,0,188189061
GLS/GLSWR/CERMCS/REFTRS/CMNT/,SENEGAL,,2012-13,0,238704090
FRESH VEGETABLES,SUDAN,,2011-12,0,15495
FRESH VEGETABLES,SUDAN,,2012-13,0,0
RUBR MFD. PRDCTS EXCPT FOOTWR,EL SALVADOR,,2011-12,0,35624608
RUBR MFD. PRDCTS EXCPT FOOTWR,EL SALVADOR,,2012-13,0,53001777
"DRUGS,PHRMCUTES & FINE CHEMLS",BURUNDI,,2011-12,0,595005152
"DRUGS,PHRMCUTES & FINE CHEMLS",BURUNDI,,2012-13,0,642389899
PROJECT GOODS,MALAYSIA,,2011-12,0,8526099
PROJECT GOODS,MALAYSIA,,2012-13,0,203923915
FLORICLTR PRODUCTS,GRENADA,,2011-12,0,27917
FLORICLTR PRODUCTS,GRENADA,,2012-13,0,0
LEATHER GOODS,MALTA,,2011-12,0,3062168
LEATHER GOODS,MALTA,,2012-13,0,6877136
LEATHER FOOTWEAR COMPONENT,ISRAEL,KGS,2011-12,3054,10257944
LEATHER FOOTWEAR COMPONENT,ISRAEL,KGS,2012-13,8859,28440201
GLS/GLSWR/CERMCS/REFTRS/CMNT/,GRENADA,,2011-12,0,395
GLS/GLSWR/CERMCS/REFTRS/CMNT/,GRENADA,,2012-13,0,577437
RICE(OTHER THAN BASMOTI),SIERRA LEONE,TON,2011-12,14467,278807844
RICE(OTHER THAN BASMOTI),SIERRA LEONE,TON,2012-13,57431,1206124717
MARINE PRODUCTS,LIBERIA,KGS,2011-12,0,0
MARINE PRODUCTS,LIBERIA,KGS,2012-13,79410,3107020
COTTON RAW INCLD. WASTE,PHILIPPINES,TON,2011-12,0,0
COTTON RAW INCLD. WASTE,PHILIPPINES,TON,2012-13,69,9748464
MACHINERRY AND INSTRUMENTS,BAHAMAS,,2011-12,0,40064273
MACHINERRY AND INSTRUMENTS,BAHAMAS,,2012-13,0,630457
GUERGAM MEAL,LITHUANIA,TON,2011-12,100,27057284
GUERGAM MEAL,LITHUANIA,TON,2012-13,65,23742750
CASHEW,CHILE,TON,2011-12,0,3573
CASHEW,CHILE,TON,2012-13,0,0
HANDLOOM PRODUCTS,TOGO,,2011-12,0,165932051
HANDLOOM PRODUCTS,TOGO,,2012-13,0,70327130
NON-FERROUS METALS,CROATIA,,2011-12,0,0
NON-FERROUS METALS,CROATIA,,2012-13,0,88459911
COFFEE,CAMEROON,KGS,2011-12,36138,10931995
COFFEE,CAMEROON,KGS,2012-13,14469,6410788
"MANMADE YARN,FABRICS,MADEUPS",CHINA P RP,,2011-12,0,1623158527
"MANMADE YARN,FABRICS,MADEUPS",CHINA P RP,,2012-13,0,1903072703
PROCESSED MINERALS,BOLIVIA,,2011-12,0,1534216
PROCESSED MINERALS,BOLIVIA,,2012-13,0,2767943
RMG MANMADE FIBRES,SENEGAL,,2011-12,0,15745096
RMG MANMADE FIBRES,SENEGAL,,2012-13,0,33059131
"COTTON YARN,FABRICS,MADEUPSETC",KOREA RP,,2011-12,0,10692639005
"COTTON YARN,FABRICS,MADEUPSETC",KOREA RP,,2012-13,0,11753901349
RMG MANMADE FIBRES,SLOVAK REP,,2011-12,0,16122275
RMG MANMADE FIBRES,SLOVAK REP,,2012-13,0,28309319
"WOLLEN YARN,FABRICS,MADEUPSETC",CHINA P RP,,2011-12,0,142399566
"WOLLEN YARN,FABRICS,MADEUPSETC",CHINA P RP,,2012-13,0,67061850
FLOOR CVRNG OF JUTE,PANAMA REPUBLIC,SQM,2011-12,20386,3301390
FLOOR CVRNG OF JUTE,PANAMA REPUBLIC,SQM,2012-13,44189,7397684
OTHER ORES AND MINERALS,BURKINA FASO,,2011-12,0,1970260
OTHER ORES AND MINERALS,BURKINA FASO,,2012-13,0,581391
