Name,Birth Date,Took Office,Left Office,Tenure,Appointed By,Political Party
Jawaharlal Nehru,1889,15-Aug,27-May,16 years,Lord Mountbatten,Indian National Congress
Gulzarilal Nanda,1898,27-May,09-Jun,13 days,Sarvepalli Radhakrishnan,Indian National Congress
Lal Bahadur Shastri,1904,09-Jun,11-Jan,1 year,Sarvepalli Radhakrishnan,Indian National Congress
Gulzarilal Nanda,1898,11-Jan,24-Jan,13 days,Sarvepalli Radhakrishnan,Indian National Congress
Indira Gandhi,1917,24-Jan,24-Mar,11 years,Sarvepalli Radhakrishnan,Indian National Congress
Morarji Desai,1896,24-Mar,28-Jul,2 years,B. D. Jatti,Janata Party
Charan Singh,1902,28-Jul,14-Jan,170 days,Neelam Sanjiva Reddy,Janata Party (Secular)
Indira Gandhi,1917,14-Jan,31-Oct,4 years,Neelam Sanjiva Reddy,Indian National Congress (I)
Rajiv Gandhi,1944,31-Oct,02-Dec,5 years,Zail Singh,Indian National Congress
V. P. Singh,1931,02-Dec,10-Nov,343 days,R. Venkataraman,Janata Dal
Chandra Shekhar,1927,10-Nov,21-Jun,223 days,R. Venkataraman,Samajwadi Janata Party
P. V. Narasimha Rao,1921,21-Jun,16-May,4 years,R. Venkataraman,Indian National Congress
Atal Bihari Vajpayee,1924,16-May,01-Jun,16 days,Shankar Dayal Sharma,Bharatiya Janata Party
H. D. Deve Gowda,1933,01-Jun,21-Apr,324 days,Shankar Dayal Sharma,Janata Dal
I. K. Gujral,1919,21-Apr,19-Mar,332 days,Shankar Dayal Sharma,Janata Dal
Atal Bihari Vajpayee,1924,19-Mar,22-May,6 years,K. R. Narayanan,Bharatiya Janata Party
Manmohan Singh,1932,22-May,Incumbent,9 years,A. P. J. Abdul Kalam,Indian National Congress
