President,BirthYear,Appointed,Age,EndTerm,DeathDate,Lifespan
Rajendra Prasad,1884,26/01/50,65 years,13/05/62,28/02/63,28575 days
Sarvepalli Radhakrishnan,1888,13/05/62,73 years,13/05/67,17/04/75,31634 days
Zakir Hussain,1897,13/05/67,70 years,03/05/69,03/05/69,26381 days
V.V. Giri,1894,24/08/69,75 years,24/08/74,23/06/80,31363 days
Fakhruddin Ahmed,1905,24/08/74,69 years,11/02/77,11/02/77,26207 days
Neelam Reddy,1913,25/07/77,64 years,25/07/82,01/06/96,30329 days
Zail Singh,1916,25/07/82,66 years,25/07/87,25/12/94,28723 days
Ramaswamy Venkataraman,1910,25/07/87,76 years,25/07/92,27/01/09,35849 days
Shankar Dayal Sharma,1918,25/07/92,73 years,25/07/97,26/12/99,29714 days
K.R. Narayanan,1920,25/07/97,76 years,25-Jul-02,09-Nov-05,31059 days
A.P. J. Abdul Kalam,1931,25/07/02,70 years,25-Jul-07,,30055 days
Pratibha Patil,1934,25/07/07,72 years,25-Jul-12,,28894 days
Pranab Mukherjee,1935,25/07/12,76 years, 227 days,Incumbent,28537 days
