SlNo,State,Life Expectancy Male (2006 to 2010),Life Expectancy Female (2006 to 2010),Life Expectancy Total (2006 to 2010),Infant Mortality Rate (per 1000 live births) Male (2011),Infant Mortality Rate (per 1000 live births) Female (2011),Infant Mortality Rate (per 1000 live births) Total (2011),Birth Rate (per 1000) Total (2011),Death Rate (per 1000) Total (2011)
1,Andhra Pradesh,63.5,68.2,65.8,40,46,43,17.5,7.5
2,Assam,61.0,63.2,61.9,55,56,55,22.8,8.0
3,Bihar,65.5,66.2,65.8,44,45,44,27.7,6.7
4,Gujarat,64.9,69.0,66.8,39,42,41,21.3,6.7
5,Haryana,67.0,69.5,67.0,41,48,44,21.8,6.5
6,Karnataka,64.9,69.7,67.2,34,35,35,18.8,7.1
7,Kerala,71.5,76.9,74.2,11,13,12,15.2,7.0
8,Madhya Pradesh,61.1,63.8,62.4,57,62,59,26.9,8.2
9,Maharashtra,67.9,71.9,69.9,24,25,25,16.7,6.3
10,Odisha,62.2,63.9,63.0,55,58,57,20.1,8.5
11,Punjab,67.4,71.6,69.3,28,33,30,16.2,6.8
12,Rajasthan,64.7,68.3,66.5,50,53,52,26.2,6.7
13,Tamil Nadu,67.1,70.9,68.9,21,23,22,15.9,7.4
14,Uttar Pradesh,61.8,63.7,62.7,55,59,57,27.8,7.9
15,West Bengal,67.4,71.0,69.0,30,34,32,16.3,6.2
