Category of States,States,Year,Health Index,Income Index,Education Index,HDI
NonSpecialCategory,Andhra Pradesh,2000,0.521,0.197,0.385,0.368
NonSpecialCategory,Andhra Pradesh,2008,0.58,0.287,0.553,0.473
NonSpecialCategory,Assam,2000,0.339,0.152,0.516,0.336
NonSpecialCategory,Assam,2008,0.407,0.288,0.636,0.444
NonSpecialCategory,Bihar,2000,0.506,0.1,0.271,0.292
NonSpecialCategory,Bihar,2008,0.563,0.127,0.409,0.367
NonSpecialCategory,Chhattisgarh,2000,0.341,0.127,0.365,0.278
NonSpecialCategory,Chhattisgarh,2008,0.417,0.133,0.526,0.358
NonSpecialCategory,Delhi,2000,0.735,0.8,0.816,0.783
NonSpecialCategory,Delhi,2008,0.763,0.678,0.809,0.75
NonSpecialCategory,Goa,2000,0.363,0.672,0.751,0.595
NonSpecialCategory,Goa,2008,0.65,0.443,0.758,0.617
NonSpecialCategory,Gujarat,2000,0.562,0.323,0.512,0.466
NonSpecialCategory,Gujarat,2008,0.633,0.371,0.577,0.527
NonSpecialCategory,Haryana,2000,0.576,0.417,0.512,0.501
NonSpecialCategory,Haryana,2008,0.627,0.408,0.622,0.552
NonSpecialCategory,Jharkhand,2000,0.434,0.1,0.271,0.268
NonSpecialCategory,Jharkhand,2008,0.5,0.142,0.485,0.376
NonSpecialCategory,Karnataka,2000,0.567,0.26,0.468,0.432
NonSpecialCategory,Karnataka,2008,0.627,0.326,0.605,0.519
NonSpecialCategory,Kerala,2000,0.782,0.458,0.789,0.677
NonSpecialCategory,Kerala,2008,0.817,0.629,0.924,0.79
NonSpecialCategory,Madhya Pradesh,2000,0.363,0.127,0.365,0.285
NonSpecialCategory,Madhya Pradesh,2008,0.43,0.173,0.522,0.375
NonSpecialCategory,Maharashtra,2000,0.601,0.297,0.606,0.501
NonSpecialCategory,Maharashtra,2008,0.65,0.351,0.715,0.572
NonSpecialCategory,Orissa,2000,0.376,0.076,0.372,0.275
NonSpecialCategory,Orissa,2008,0.45,0.139,0.499,0.362
NonSpecialCategory,Punjab,2000,0.632,0.455,0.542,0.543
NonSpecialCategory,Punjab,2008,0.667,0.495,0.654,0.605
NonSpecialCategory,Rajasthan,2000,0.52,0.293,0.348,0.387
NonSpecialCategory,Rajasthan,2008,0.587,0.253,0.462,0.434
NonSpecialCategory,Tamil Nadu,2000,0.586,0.285,0.57,0.48
NonSpecialCategory,Tamil Nadu,2008,0.637,0.355,0.719,0.57
NonSpecialCategory,Uttar Pradesh,2000,0.398,0.179,0.371,0.316
NonSpecialCategory,Uttar Pradesh,2008,0.473,0.175,0.492,0.38
NonSpecialCategory,West Bengal,2000,0.6,0.21,0.455,0.422
NonSpecialCategory,West Bengal,2008,0.65,0.252,0.575,0.492
Special Category States,Himachal Pradesh,2000,0.681,0.426,0.636,0.581
Special Category States,Himachal Pradesh,2008,0.717,0.491,0.747,0.652
Special Category States,Jammu & Kashmir,2000,0.457,0.431,0.507,0.465
Special Category States,Jammu & Kashmir,2008,0.53,0.459,0.597,0.529
Special Category States,NE (excluding Assam),2000,0.567,0.316,0.535,0.473
Special Category States,NE (excluding Assam),2008,0.663,0.386,0.67,0.573
Special Category States,Uttarakhand,2000,0.465,0.179,0.371,0.339
Special Category States,Uttarakhand,2008,0.53,0.302,0.638,0.49
