Country,Period,IMR (per 1000 live births),Life Expectancy Male (in years),Life Expectancy Female (in years),MMR (per 100000 live births),TFR
India,2001-06,58,63.9,66.9,301,2.90 
China,2001-06,32,70.6,74.2,56,1.72 
Japan,2001-06,3,78.9,86.1,10,1.35 
Republic of Korea,2001-06,3,74.2,81.5,20,1.19 
Indonesia,2001-06,36,66.2,69.9,230,2.25 
Malaysia,2001-06,9,71.6,76.2,41,2.71 
Vietnam,2001-06,27,69.5,73.5,130,2.19 
Bangladesh,2001-06,52,63.3,65.1,380,3.04 
Nepal,2001-06,58,62.4,63.4,740,3.40 
Pakistan,2001-06,73,64,64.3,500,3.87 
Sri Lanka,2001-06,15,72.2,77.5,92,1.89 
