SlNo,States Uts,Year,Road Accidents
1,Andhra Pradesh,2003,34826
2,Andhra Pradesh,2004,38940
3,Andhra Pradesh,2005,37131
4,Andhra Pradesh,2006,43559
5,Andhra Pradesh,2007,44325
6,Andhra Pradesh,2008,42657
7,Andhra Pradesh,2009,43600
8,Andhra Pradesh,2010,44599
9,Andhra Pradesh,2011,44165
10,Arunachal Pradesh,2003,245
11,Arunachal Pradesh,2004,241
12,Arunachal Pradesh,2005,231
13,Arunachal Pradesh,2006,250
14,Arunachal Pradesh,2007,240
15,Arunachal Pradesh,2008,280
16,Arunachal Pradesh,2009,306
17,Arunachal Pradesh,2010,293
18,Arunachal Pradesh,2011,263
19,Assam,2003,3262
20,Assam,2004,3688
21,Assam,2005,4258
22,Assam,2006,4694
23,Assam,2007,4403
24,Assam,2008,4683
25,Assam,2009,4869
26,Assam,2010,5828
27,Assam,2011,6569
28,Bihar,2003,6141
29,Bihar,2004,4027
30,Bihar,2005,3768
31,Bihar,2006,5594
32,Bihar,2007,7774
33,Bihar,2008,8991
34,Bihar,2009,10065
35,Bihar,2010,11033
36,Bihar,2011,10673
37,Chhattisgarh,2003,10521
38,Chhattisgarh,2004,10600
39,Chhattisgarh,2005,11164
40,Chhattisgarh,2006,11934
41,Chhattisgarh,2007,12296
42,Chhattisgarh,2008,12945
43,Chhattisgarh,2009,12888
44,Chhattisgarh,2010,13664
45,Chhattisgarh,2011,14108
46,Goa,2003,3244
47,Goa,2004,3525
48,Goa,2005,3577
49,Goa,2006,3707
50,Goa,2007,4020
51,Goa,2008,4178
52,Goa,2009,4165
53,Goa,2010,4572
54,Goa,2011,4560
55,Gujarat,2003,30604
56,Gujarat,2004,30630
57,Gujarat,2005,30515
58,Gujarat,2006,31547
59,Gujarat,2007,33623
60,Gujarat,2008,33671
61,Gujarat,2009,31034
62,Gujarat,2010,30114
63,Gujarat,2011,30205
64,Haryana,2003,8690
65,Haryana,2004,9321
66,Haryana,2005,9298
67,Haryana,2006,10314
68,Haryana,2007,11998
69,Haryana,2008,11596
70,Haryana,2009,11915
71,Haryana,2010,11195
72,Haryana,2011,11128
73,Himachal Pradesh,2003,2680
74,Himachal Pradesh,2004,2808
75,Himachal Pradesh,2005,2797
76,Himachal Pradesh,2006,2727
77,Himachal Pradesh,2007,2955
78,Himachal Pradesh,2008,2756
79,Himachal Pradesh,2009,3051
80,Himachal Pradesh,2010,3069
81,Himachal Pradesh,2011,3099
82,Jammu & Kashmir,2003,5904
83,Jammu & Kashmir,2004,6257
84,Jammu & Kashmir,2005,5664
85,Jammu & Kashmir,2006,5593
86,Jammu & Kashmir,2007,5864
87,Jammu & Kashmir,2008,5326
88,Jammu & Kashmir,2009,5945
89,Jammu & Kashmir,2010,6134
90,Jammu & Kashmir,2011,6655
91,Jharkhand,2003,4211
92,Jharkhand,2004,4614
93,Jharkhand,2005,5013
94,Jharkhand,2006,4980
95,Jharkhand,2007,5285
96,Jharkhand,2008,4985
97,Jharkhand,2009,4996
98,Jharkhand,2010,5521
99,Jharkhand,2011,5451
100,Karnataka,2003,37658
101,Karnataka,2004,38869
102,Karnataka,2005,40330
103,Karnataka,2006,43411
104,Karnataka,2007,46363
105,Karnataka,2008,46279
106,Karnataka,2009,45190
107,Karnataka,2010,46250
108,Karnataka,2011,44731
109,Kerala,2003,39496
110,Kerala,2004,41219
111,Kerala,2005,42295
112,Kerala,2006,41728
113,Kerala,2007,39917
114,Kerala,2008,37263
115,Kerala,2009,35433
116,Kerala,2010,35082
117,Kerala,2011,35216
118,Madhya Pradesh,2003,30164
119,Madhya Pradesh,2004,32445
120,Madhya Pradesh,2005,35123
121,Madhya Pradesh,2006,38041
122,Madhya Pradesh,2007,41981
123,Madhya Pradesh,2008,43852
124,Madhya Pradesh,2009,47267
125,Madhya Pradesh,2010,50023
126,Madhya Pradesh,2011,49406
127,Maharashtra,2003,65686
128,Maharashtra,2004,67720
129,Maharashtra,2005,72408
130,Maharashtra,2006,75413
131,Maharashtra,2007,73661
132,Maharashtra,2008,75527
133,Maharashtra,2009,71996
134,Maharashtra,2010,71289
135,Maharashtra,2011,68438
136,Manipur,2003,523
137,Manipur,2004,468
138,Manipur,2005,600
139,Manipur,2006,521
140,Manipur,2007,538
141,Manipur,2008,573
142,Manipur,2009,578
143,Manipur,2010,602
144,Manipur,2011,692
145,Meghalaya,2003,617
146,Meghalaya,2004,433
147,Meghalaya,2005,428
148,Meghalaya,2006,435
149,Meghalaya,2007,300
150,Meghalaya,2008,294
151,Meghalaya,2009,398
152,Meghalaya,2010,474
153,Meghalaya,2011,599
154,Mizoram,2003,122
155,Mizoram,2004,83
156,Mizoram,2005,96
157,Mizoram,2006,95
158,Mizoram,2007,77
159,Mizoram,2008,110
160,Mizoram,2009,86
161,Mizoram,2010,125
162,Mizoram,2011,97
163,Nagaland,2003,101
164,Nagaland,2004,140
165,Nagaland,2005,226
166,Nagaland,2006,194
167,Nagaland,2007,239
168,Nagaland,2008,76
169,Nagaland,2009,63
170,Nagaland,2010,35
171,Nagaland,2011,39
172,Odisha,2003,6668
173,Odisha,2004,7278
174,Odisha,2005,7593
175,Odisha,2006,7729
176,Odisha,2007,8213
177,Odisha,2008,8181
178,Odisha,2009,8887
179,Odisha,2010,9413
180,Odisha,2011,9398
181,Punjab,2003,4429
182,Punjab,2004,4346
183,Punjab,2005,4599
184,Punjab,2006,4927
185,Punjab,2007,5208
186,Punjab,2008,5115
187,Punjab,2009,5570
188,Punjab,2010,5507
189,Punjab,2011,6513
190,Rajasthan,2003,21933
191,Rajasthan,2004,23243
192,Rajasthan,2005,23115
193,Rajasthan,2006,23348
194,Rajasthan,2007,23885
195,Rajasthan,2008,23704
196,Rajasthan,2009,25114
197,Rajasthan,2010,24302
198,Rajasthan,2011,23245
199,Sikkim,2003,131
200,Sikkim,2004,159
201,Sikkim,2005,189
202,Sikkim,2006,188
203,Sikkim,2007,150
204,Sikkim,2008,196
205,Sikkim,2009,564
206,Sikkim,2010,186
207,Sikkim,2011,406
208,Tamil Nadu,2003,51025
209,Tamil Nadu,2004,52508
210,Tamil Nadu,2005,53866
211,Tamil Nadu,2006,55145
212,Tamil Nadu,2007,59140
213,Tamil Nadu,2008,60409
214,Tamil Nadu,2009,60794
215,Tamil Nadu,2010,64996
216,Tamil Nadu,2011,65873
217,Tripura,2003,676
218,Tripura,2004,645
219,Tripura,2005,657
220,Tripura,2006,793
221,Tripura,2007,801
222,Tripura,2008,767
223,Tripura,2009,865
224,Tripura,2010,901
225,Tripura,2011,834
226,Uttarakhand,2003,1222
227,Uttarakhand,2004,1252
228,Uttarakhand,2005,1332
229,Uttarakhand,2006,1461
230,Uttarakhand,2007,1529
231,Uttarakhand,2008,1417
232,Uttarakhand,2009,1401
233,Uttarakhand,2010,1493
234,Uttarakhand,2011,1508
235,Uttar Pradesh,2003,14286
236,Uttar Pradesh,2004,18493
237,Uttar Pradesh,2005,18325
238,Uttar Pradesh,2006,19489
239,Uttar Pradesh,2007,21522
240,Uttar Pradesh,2008,25684
241,Uttar Pradesh,2009,28155
242,Uttar Pradesh,2010,28362
243,Uttar Pradesh,2011,29285
244,West Bengal,2003,10444
245,West Bengal,2004,14431
246,West Bengal,2005,12597
247,West Bengal,2006,11324
248,West Bengal,2007,11660
249,West Bengal,2008,12206
250,West Bengal,2009,11134
251,West Bengal,2010,14888
252,West Bengal,2011,14945
253,Andaman & Nicobar Islands,2003,180
254,Andaman & Nicobar Islands,2004,215
255,Andaman & Nicobar Islands,2005,205
256,Andaman & Nicobar Islands,2006,154
257,Andaman & Nicobar Islands,2007,173
258,Andaman & Nicobar Islands,2008,191
259,Andaman & Nicobar Islands,2009,271
260,Andaman & Nicobar Islands,2010,285
261,Andaman & Nicobar Islands,2011,234
262,Chandigarh,2003,442
263,Chandigarh,2004,417
264,Chandigarh,2005,530
265,Chandigarh,2006,517
266,Chandigarh,2007,534
267,Chandigarh,2008,482
268,Chandigarh,2009,424
269,Chandigarh,2010,456
270,Chandigarh,2011,437
271,Dadra & Nagar Haveli,2003,73
272,Dadra & Nagar Haveli,2004,111
273,Dadra & Nagar Haveli,2005,127
274,Dadra & Nagar Haveli,2006,103
275,Dadra & Nagar Haveli,2007,116
276,Dadra & Nagar Haveli,2008,116
277,Dadra & Nagar Haveli,2009,79
278,Dadra & Nagar Haveli,2010,96
279,Dadra & Nagar Haveli,2011,103
280,Daman & Diu,2003,72
281,Daman & Diu,2004,61
282,Daman & Diu,2005,62
283,Daman & Diu,2006,57
284,Daman & Diu,2007,60
285,Daman & Diu,2008,50
286,Daman & Diu,2009,63
287,Daman & Diu,2010,48
288,Daman & Diu,2011,50
289,Delhi,2003,8863
290,Delhi,2004,9087
291,Delhi,2005,9351
292,Delhi,2006,9299
293,Delhi,2007,8620
294,Delhi,2008,8435
295,Delhi,2009,7516
296,Delhi,2010,7260
297,Delhi,2011,7281
298,Lakshadweep,2003,1
299,Lakshadweep,2004,3
300,Lakshadweep,2005,5
301,Lakshadweep,2006,10
302,Lakshadweep,2007,2
303,Lakshadweep,2008,12
304,Lakshadweep,2009,4
305,Lakshadweep,2010,4
306,Lakshadweep,2011, -   
307,Puducherry,2003,1586
308,Puducherry,2004,1633
309,Puducherry,2005,1780
310,Puducherry,2006,1639
311,Puducherry,2007,1744
312,Puducherry,2008,1697
313,Puducherry,2009,1698
314,Puducherry,2010,1529
315,Puducherry,2011,1480
